"date","open","high","low","close","volume","adjusted_close","source_symbol"
"2023-11-01","34656.38","35647.19","34079.46","35440.1","16197.45981756","","BTC-USD"
"2023-11-02","35440.1","35997.8","34311.73","34950","13455.65527035","","BTC-USD"
"2023-11-03","34947.92","34954.6","34100","34731.27","13961.70014519","","BTC-USD"
"2023-11-04","34730.32","35278.4","34599.85","35087.01","4696.70148339","","BTC-USD"
"2023-11-05","35087.43","35410","34500","35035.42","5892.67329337","","BTC-USD"
"2023-11-06","35035.79","35294.12","34753.66","35059.46","7088.27153194","","BTC-USD"
"2023-11-07","35059.46","35963","34530.67","35416.28","13841.59195597","","BTC-USD"
"2023-11-08","35416.63","36113.59","35103.14","35639.13","12253.15808483","","BTC-USD"
"2023-11-09","35639.13","37999","35555.16","36706.59","29045.85195583","","BTC-USD"
"2023-11-10","36704.01","37548.8","36334.46","37324.83","15183.168535","","BTC-USD"
"2023-11-11","37324.84","37424.03","36701.5","37139.12","5344.45382766","","BTC-USD"
"2023-11-12","37139.94","37247","36740.9","37086.03","3317.50278576","","BTC-USD"
"2023-11-13","37086.5","37442.48","36351","36475.67","10543.29564712","","BTC-USD"
"2023-11-14","36475.68","36756.16","34758.64","35554.09","16008.49077729","","BTC-USD"
"2023-11-15","35554.1","37987","35358.45","37885.35","19941.6757032","","BTC-USD"
"2023-11-16","37885.35","37958.75","35511.11","36161.15","18455.96829165","","BTC-USD"
"2023-11-17","36161.15","36831.99","35869","36630.38","12218.85138403","","BTC-USD"
"2023-11-18","36631.56","36857.15","36205.89","36594.89","3468.39821362","","BTC-USD"
"2023-11-19","36596.14","37546.62","36404.52","37391.19","4366.44892344","","BTC-USD"
"2023-11-20","37389.06","37784.07","36720","37475.64","14114.01039926","","BTC-USD"
"2023-11-21","37472.76","37675.77","35744.9","35751.89","20837.73934338","","BTC-USD"
"2023-11-22","35755.33","37875","35633","37424.31","17606.97239528","","BTC-USD"
"2023-11-23","37424.31","37653.67","36888","37304.05","7211.31754936","","BTC-USD"
"2023-11-24","37304.04","38454","37257.56","37745.84","17507.8900414","","BTC-USD"
"2023-11-25","37746.29","37920.27","37615.91","37805.99","3567.42244915","","BTC-USD"
"2023-11-26","37806.84","37842.17","37156.72","37462.79","6113.0562518","","BTC-USD"
"2023-11-27","37462.01","37578.42","36715.1","37241.63","13510.45476059","","BTC-USD"
"2023-11-28","37241.64","38425.96","36873.55","37838.26","18156.47258233","","BTC-USD"
"2023-11-29","37838.26","38480","37581.93","37863.84","15162.68883049","","BTC-USD"
"2023-11-30","37864.79","38152.18","37500","37732.27","8081.19248391","","BTC-USD"
"2023-12-01","37732.27","39000","37618.25","38703.54","16395.90197806","","BTC-USD"
"2023-12-02","38706.55","39740","38660.03","39478.95","7540.7688183","","BTC-USD"
"2023-12-03","39467.42","40221.22","39293.02","39984.81","7153.15663784","","BTC-USD"
"2023-12-04","39984.81","42410.46","39983.6","41987.24","21993.05995554","","BTC-USD"
"2023-12-05","41985.53","45000","41384.03","44084.39","24018.76035474","","BTC-USD"
"2023-12-06","44086.33","44290.37","43369","43764.05","15977.55938336","","BTC-USD"
"2023-12-07","43766.41","44057.23","42846.53","43280.95","13055.36691088","","BTC-USD"
"2023-12-08","43281.11","44754.99","43087.17","44192.87","13579.40860176","","BTC-USD"
"2023-12-09","44192.86","44384.68","43586.14","43723.25","5469.40708431","","BTC-USD"
"2023-12-10","43722.84","44049.51","43562.06","43793.68","3919.09423649","","BTC-USD"
"2023-12-11","43793.67","43811.81","40150","41229.61","25524.67094691","","BTC-USD"
"2023-12-12","41229.61","42088.56","40636.51","41477.39","13414.86773655","","BTC-USD"
"2023-12-13","41477.6","43475","40553.15","42885.54","15798.66423037","","BTC-USD"
"2023-12-14","42887.39","43442.15","41426.76","43027.77","15434.25971384","","BTC-USD"
"2023-12-15","43027.77","43095.71","41640.51","41933.89","10861.72864667","","BTC-USD"
"2023-12-16","41934.84","42680.2","41626.66","42237.29","5315.65582307","","BTC-USD"
"2023-12-17","42235.23","42367.82","41222","41349.59","6649.06495765","","BTC-USD"
"2023-12-18","41349.59","42754.79","40508.01","42650.01","13394.33474824","","BTC-USD"
"2023-12-19","42650.01","43461.86","41780","42266.22","13403.93447528","","BTC-USD"
"2023-12-20","42266.25","44324.86","42184.48","43674.77","19307.1089644","","BTC-USD"
"2023-12-21","43673.11","44250","43295.78","43875.32","13170.9728222","","BTC-USD"
"2023-12-22","43875.56","44424.36","43412.82","44013.73","10733.55348079","","BTC-USD"
"2023-12-23","44013.65","44033.84","43333.35","43726.35","4075.08953972","","BTC-USD"
"2023-12-24","43728.36","43985.67","42614.17","43025.03","4947.00165569","","BTC-USD"
"2023-12-25","43025.02","43818.29","42755.35","43589.67","4799.73104807","","BTC-USD"
"2023-12-26","43589.67","43605","41600.67","42515.53","13035.02745535","","BTC-USD"
"2023-12-27","42521.21","43709.98","42111.47","43474.4","12917.48404475","","BTC-USD"
"2023-12-28","43469.06","43830.34","42265.08","42581.23","13583.91599843","","BTC-USD"
"2023-12-29","42581.23","43137.1","41300","42063.45","16756.43323881","","BTC-USD"
"2023-12-30","42064.22","42593.73","41518.19","42141.03","11609.82377015","","BTC-USD"
"2023-12-31","42139.32","42850","41964.68","42288.06","11397.57303743","","BTC-USD"
"2024-01-01","42288.58","44240.8","42175.65","44220.78","7977.72851143","","BTC-USD"
"2024-01-02","44220.78","45925.82","44195.13","44972.8","29583.38407747","","BTC-USD"
"2024-01-03","44972.81","45519.32","40625.68","42862.44","32281.85234351","","BTC-USD"
"2024-01-04","42860.58","44800","42650","44193.29","18193.81684353","","BTC-USD"
"2024-01-05","44198.35","44443.37","42450","44186.59","18073.09561495","","BTC-USD"
"2024-01-06","44187.76","44260.95","43436.5","43992.44","5691.43460343","","BTC-USD"
"2024-01-07","43992.79","44510.01","43629.7","43950.28","5931.34650683","","BTC-USD"
"2024-01-08","43954.52","47330","43200.44","46995.1","26447.17326625","","BTC-USD"
"2024-01-09","46995.09","47901","44701.54","46124.08","26305.56366042","","BTC-USD"
"2024-01-10","46120.79","47732.5","44320.01","46666.11","36534.39765866","","BTC-USD"
"2024-01-11","46678.54","49102.29","45555.55","46342.66","38150.89478822","","BTC-USD"
"2024-01-12","46344.96","46522.2","41444.97","42773.03","46862.43347199","","BTC-USD"
"2024-01-13","42775.1","43250","42427","42839.33","10998.76404264","","BTC-USD"
"2024-01-14","42839.32","43064.13","41680.73","41697.33","7834.26155365","","BTC-USD"
"2024-01-15","41698.13","43331.91","41680","42490.16","10869.45830576","","BTC-USD"
"2024-01-16","42481.69","43569.23","42028.02","43130.45","18180.4405406","","BTC-USD"
"2024-01-17","43130.35","43185.47","42160","42739.49","16381.8407159","","BTC-USD"
"2024-01-18","42737.68","42877.22","40600.05","41293.5","25097.42399202","","BTC-USD"
"2024-01-19","41290.57","42159.52","40236.49","41624.07","22745.55271173","","BTC-USD"
"2024-01-20","41623.94","41846.15","41418.55","41666.67","4836.63124969","","BTC-USD"
"2024-01-21","41666.67","41858.59","41472.49","41554.05","3138.26294449","","BTC-USD"
"2024-01-22","41553.92","41658","39372.44","39524.27","26539.34338688","","BTC-USD"
"2024-01-23","39524.27","40144.49","38501","39878.3","21966.56334645","","BTC-USD"
"2024-01-24","39878.28","40527.26","39382.15","40077.78","17438.97734668","","BTC-USD"
"2024-01-25","40079.87","40282.87","39503","39941.66","12978.7331205","","BTC-USD"
"2024-01-26","39941.66","42243.14","39805.95","41814.8","19359.37921096","","BTC-USD"
"2024-01-27","41814.96","42199.99","41383.94","42126.55","3774.45056434","","BTC-USD"
"2024-01-28","42126.55","42839.07","41617.53","42034.59","4298.44263812","","BTC-USD"
"2024-01-29","42034.57","43326.77","41787.35","43306.18","12529.09255982","","BTC-USD"
"2024-01-30","43303.3","43872.99","42680.2","42942.78","16384.61219735","","BTC-USD"
"2024-01-31","42937.72","43741.94","42265.77","42548.08","15320.62044085","","BTC-USD"
"2024-02-01","42545.47","43276.19","41846.04","43078.81","11526.63383073","","BTC-USD"
"2024-02-02","43080.38","43700","42527.58","43181.66","12202.24125895","","BTC-USD"
"2024-02-03","43183.62","43358.13","42863.58","43010.67","2254.45335539","","BTC-USD"
"2024-02-04","43007.82","43100","42228.01","42568.55","2643.251649","","BTC-USD"
"2024-02-05","42571.91","43520","42235","42657.67","8756.87806894","","BTC-USD"
"2024-02-06","42658.3","43372.79","42516.07","43095.79","7940.36830921","","BTC-USD"
"2024-02-07","43097.16","44430","42760.44","44343.61","12440.36853251","","BTC-USD"
"2024-02-08","44345.94","45637.38","44335","45305.2","19283.80580787","","BTC-USD"
"2024-02-09","45304.83","48230.02","45252.93","47160.41","22108.85067543","","BTC-USD"
"2024-02-10","47157.01","48179.43","46889.53","47767.06","5663.309891","","BTC-USD"
"2024-02-11","47767.06","48614","47590.3","48316.3","5243.1260706","","BTC-USD"
"2024-02-12","48321.14","50363.42","47715.67","49941.81","18545.08725852","","BTC-USD"
"2024-02-13","49941.95","50423.42","48327.81","49725.36","20471.56790372","","BTC-USD"
"2024-02-14","49724.55","52111","49253.92","51858.59","20249.94369733","","BTC-USD"
"2024-02-15","51858.51","52890","51353.49","51934.29","18465.04404385","","BTC-USD"
"2024-02-16","51935.23","52608.2","51597.87","52162.64","13816.27351282","","BTC-USD"
"2024-02-17","52162.65","52214.05","50642.36","51666.22","5387.3486576","","BTC-USD"
"2024-02-18","51666.23","52400","51174.38","52153.63","3997.17143898","","BTC-USD"
"2024-02-19","52153.63","52501.01","51687.98","51787.05","6009.01451962","","BTC-USD"
"2024-02-20","51787.05","53000","50764.01","52277.52","15888.87599974","","BTC-USD"
"2024-02-21","52277.53","52394.91","50628.6","51851.67","13735.03407249","","BTC-USD"
"2024-02-22","51851.46","52076","50905.65","51258.7","13104.51408087","","BTC-USD"
"2024-02-23","51260.29","51512.68","50513.01","50747.05","11679.16625824","","BTC-USD"
"2024-02-24","50746.98","51696.19","50576.55","51570.65","3448.96576791","","BTC-USD"
"2024-02-25","51568.63","51967.82","51275.01","51731","3617.40106809","","BTC-USD"
"2024-02-26","51730.96","54980","50901.23","54533.48","22422.38763854","","BTC-USD"
"2024-02-27","54530.32","57646.81","54490.8","57077.07","28791.48651731","","BTC-USD"
"2024-02-28","57077.08","64100","56723.48","62518.9","48265.6721171","","BTC-USD"
"2024-02-29","62520.06","63675.48","60355.61","61179.03","36825.89535085","","BTC-USD"
"2024-03-01","61179.03","63267.18","60788.33","62436.72","24696.65692545","","BTC-USD"
"2024-03-02","62439.74","62500","61623.39","62045.78","6882.38410251","","BTC-USD"
"2024-03-03","62045.78","63260","61388","63154.49","7314.17629968","","BTC-USD"
"2024-03-04","63155.74","68602.98","62300","68360.14","40600.36656889","","BTC-USD"
"2024-03-05","68356.7","69324.58","59224.68","63800.78","65575.09537327","","BTC-USD"
"2024-03-06","63802.15","67654.06","62832.39","66122.28","34655.98799427","","BTC-USD"
"2024-03-07","66115.48","68098.09","65599.63","66938.21","22228.36739914","","BTC-USD"
"2024-03-08","66938.21","70199","66157.09","68289.16","33749.52797544","","BTC-USD"
"2024-03-09","68289.16","68700.41","68047.62","68480","9005.50992187","","BTC-USD"
"2024-03-10","68480.01","70000","68221.13","69032.12","12163.05713369","","BTC-USD"
"2024-03-11","69032.8","72943.98","67112.21","72110.98","32332.72583229","","BTC-USD"
"2024-03-12","72110.98","73027.63","68603","71475.93","29420.19277654","","BTC-USD"
"2024-03-13","71473.43","73709.99","71337.3","73135.04","21455.92195688","","BTC-USD"
"2024-03-14","73135.04","73835.57","68454.47","71364.58","34226.602618","","BTC-USD"
"2024-03-15","71364.58","72414.96","65565.7","69506.88","40195.84231178","","BTC-USD"
"2024-03-16","69514.87","70050","64774.05","65254.22","16532.825303","","BTC-USD"
"2024-03-17","65254.22","68877.82","64505","68343.64","12631.85084112","","BTC-USD"
"2024-03-18","68354.29","68933.71","66562.65","67613.04","20057.37580028","","BTC-USD"
"2024-03-19","67609.39","68136.39","61506","61906.27","40111.97553957","","BTC-USD"
"2024-03-20","61902.57","68150","60771.14","67858.8","38590.78345488","","BTC-USD"
"2024-03-21","67855.88","68234.56","64525","65484.7","18523.96247162","","BTC-USD"
"2024-03-22","65478.98","66651.1","62258.36","63814.56","17807.65930238","","BTC-USD"
"2024-03-23","63814.56","66029.09","63013.19","63998.86","7395.08270425","","BTC-USD"
"2024-03-24","63998.87","67637.6","63785.57","67204.93","6535.8276512","","BTC-USD"
"2024-03-25","67212.69","71269.92","66381.84","69890.28","22228.13803338","","BTC-USD"
"2024-03-26","69895.6","71582.96","69269.69","69992.4","15697.73440865","","BTC-USD"
"2024-03-27","69994.9","71789.85","68369.62","69435.96","18703.73738295","","BTC-USD"
"2024-03-28","69437.16","71635.99","68841.01","70801.18","15224.17928189","","BTC-USD"
"2024-03-29","70804.06","70941.7","69036.95","69903.75","7365.03204354","","BTC-USD"
"2024-03-30","69903.74","70363.25","69569.03","69626.87","3262.62331859","","BTC-USD"
"2024-03-31","69623.86","71399.91","69587.86","71288.9","4424.66955382","","BTC-USD"
"2024-04-01","71291.5","71313.8","68055.15","69681.82","13916.60016523","","BTC-USD"
"2024-04-02","69681.85","69711","64521.61","65464.14","23496.58634089","","BTC-USD"
"2024-04-03","65472","66944.06","64500","65987.92","14506.55934744","","BTC-USD"
"2024-04-04","65984.18","69367.19","65073.95","68525.23","18624.08140025","","BTC-USD"
"2024-04-05","68528.69","68783.99","66000","67856.51","15515.82134206","","BTC-USD"
"2024-04-06","67856.51","69685","67469.19","68919.89","3985.44167764","","BTC-USD"
"2024-04-07","68919.57","70312","68846.23","69350.34","5766.41938443","","BTC-USD"
"2024-04-08","69350.36","72777","69037.33","71622.53","16648.69284289","","BTC-USD"
"2024-04-09","71616.31","71761.37","68200","69117.01","15143.52341376","","BTC-USD"
"2024-04-10","69115.79","71159.6","67463.07","70634.04","16655.987797","","BTC-USD"
"2024-04-11","70638.4","71305.86","69530","70020.73","11001.16448135","","BTC-USD"
"2024-04-12","70020.71","71265.74","65110.31","67148.61","23509.75554216","","BTC-USD"
"2024-04-13","67148.62","69100","60822.01","64024.77","27548.47240557","","BTC-USD"
"2024-04-14","64021.36","65890.91","62150","65777.05","21604.05147827","","BTC-USD"
"2024-04-15","65764.56","66928.82","62315.08","63452.18","21672.73701332","","BTC-USD"
"2024-04-16","63452.18","64400","61645.09","63814.94","17710.28213211","","BTC-USD"
"2024-04-17","63814.94","64524.14","59648.33","61279.36","21812.15297865","","BTC-USD"
"2024-04-18","61275.73","64210","60816.07","63513.85","15249.84211445","","BTC-USD"
"2024-04-19","63514.84","65498.99","59573.32","63848.37","22838.07934159","","BTC-USD"
"2024-04-20","63841.96","65463.08","63121.15","64968.87","5157.40726514","","BTC-USD"
"2024-04-21","64960.82","65725.81","64250","64952.92","4487.48723219","","BTC-USD"
"2024-04-22","64952.92","67272.73","64520","66859.17","10977.05178637","","BTC-USD"
"2024-04-23","66856.07","67225.66","65823.66","66414.16","8840.16749844","","BTC-USD"
"2024-04-24","66418","67077.97","63542.56","64255.78","15083.5524347","","BTC-USD"
"2024-04-25","64255.77","65287.69","62747.18","64484.44","13256.29877715","","BTC-USD"
"2024-04-26","64484.44","64810","63287.76","63742.39","10151.96247701","","BTC-USD"
"2024-04-27","63742.39","63900","62389","63422","5312.16741262","","BTC-USD"
"2024-04-28","63422.34","64333.33","62743.81","63108.94","4415.96831554","","BTC-USD"
"2024-04-29","63109.76","64200","61741.01","63844.85","10712.13554316","","BTC-USD"
"2024-04-30","63845.01","64727.81","59040.3","60622.1","21106.65540758","","BTC-USD"
"2024-05-01","60621.2","60785.49","56500","58265.59","26611.9312734","","BTC-USD"
"2024-05-02","58267.81","59641.03","56903.79","59071.89","13593.00905888","","BTC-USD"
"2024-05-03","59070.3","63365.72","58821.05","62913.03","15954.29032707","","BTC-USD"
"2024-05-04","62913.03","64546","62565.82","63902.88","6414.57464352","","BTC-USD"
"2024-05-05","63902.88","64636.75","62908.34","64023.45","4474.5195919","","BTC-USD"
"2024-05-06","64023.45","65523.44","62704.48","63162.24","11241.77217344","","BTC-USD"
"2024-05-07","63161.35","64415.06","62252.64","62315.76","8994.93773002","","BTC-USD"
"2024-05-08","62315.75","63013.05","60851.04","61169.53","7486.42596849","","BTC-USD"
"2024-05-09","61169.53","63424.14","60601.6","63073.57","8360.0553824","","BTC-USD"
"2024-05-10","63073.55","63470","60150","60787.47","11511.12990976","","BTC-USD"
"2024-05-11","60787.99","61482","60450.13","60814.63","2338.06810837","","BTC-USD"
"2024-05-12","60814.64","61843.45","60576.05","61453.02","2694.97577935","","BTC-USD"
"2024-05-13","61453.01","63456.18","60738.51","62932.37","9170.80865115","","BTC-USD"
"2024-05-14","62927.44","63103.02","61024.51","61539.84","13456.61307634","","BTC-USD"
"2024-05-15","61539.7","66480","61299.57","66244.69","21821.38858725","","BTC-USD"
"2024-05-16","66244.68","66772.83","64588.5","65252.18","12012.70197182","","BTC-USD"
"2024-05-17","65252.17","67500","65113.46","67046.33","11710.00723895","","BTC-USD"
"2024-05-18","67046.34","67407.79","66624.06","66923.87","3880.58113972","","BTC-USD"
"2024-05-19","66923.87","67701.91","65852.02","66261.62","3565.11346165","","BTC-USD"
"2024-05-20","66260.04","71560.9","66057.03","71432.17","20415.88691709","","BTC-USD"
"2024-05-21","71432.16","71980","69146.01","70142.84","16102.06132545","","BTC-USD"
"2024-05-22","70142.88","70659.99","68887.52","69109.93","10889.10300904","","BTC-USD"
"2024-05-23","69109.93","70066.95","66259","67940.45","14340.27843589","","BTC-USD"
"2024-05-24","67932.79","69278.75","66587.91","68547.8","10374.95988085","","BTC-USD"
"2024-05-25","68545.52","69605.03","68487.44","69289.67","2501.11901959","","BTC-USD"
"2024-05-26","69289.69","69522","68097.38","68473.72","2037.67329089","","BTC-USD"
"2024-05-27","68470.8","70613.39","68210.12","69368.72","5384.62278063","","BTC-USD"
"2024-05-28","69366.31","69533.96","67194.59","68321.98","11975.93086328","","BTC-USD"
"2024-05-29","68321.99","68864.11","67081.66","67569.45","8970.02059069","","BTC-USD"
"2024-05-30","67569.44","69536.89","67092.91","68338.58","11841.26381893","","BTC-USD"
"2024-05-31","68338.58","69024.71","66584.47","67472.41","10690.85876224","","BTC-USD"
"2024-06-01","67473.07","67837.33","67371.28","67719.29","1949.57008052","","BTC-USD"
"2024-06-02","67719.29","68411","67260","67735.52","2997.15241527","","BTC-USD"
"2024-06-03","67731.14","70295.78","67568","68791","11884.90882705","","BTC-USD"
"2024-06-04","68791.04","71108.9","68542.37","70542.32","18042.19396496","","BTC-USD"
"2024-06-05","70541.68","71804.13","70356.49","71121.11","10123.1802918","","BTC-USD"
"2024-06-06","71120.65","71650.56","70093.98","70773.64","7716.5079994","","BTC-USD"
"2024-06-07","70773.63","71974.04","68298.55","69324.53","13768.98185265","","BTC-USD"
"2024-06-08","69326.71","69546.58","69126.22","69304.05","2631.94610412","","BTC-USD"
"2024-06-09","69303.8","69848.94","69123.99","69637.87","1826.03995531","","BTC-USD"
"2024-06-10","69641.08","70187.53","69141.51","69497.73","6088.40363232","","BTC-USD"
"2024-06-11","69495.97","69547.82","66018.69","67316.53","17354.68915468","","BTC-USD"
"2024-06-12","67316.52","70032","66883.32","68248.6","17140.01139413","","BTC-USD"
"2024-06-13","68248.59","68474.49","66200","66738.85","11916.13211129","","BTC-USD"
"2024-06-14","66746.46","67322.72","65005","66004.39","11520.15791899","","BTC-USD"
"2024-06-15","66004.36","66428.57","65800.86","66192","2004.1421548","","BTC-USD"
"2024-06-16","66192","66931.18","65999","66628.75","2118.65163435","","BTC-USD"
"2024-06-17","66629.38","67274.96","65050","66481.81","14487.64060903","","BTC-USD"
"2024-06-18","66481.81","66574.33","64010.01","65152.8","15937.73176483","","BTC-USD"
"2024-06-19","65150.9","65709.26","64635.48","64943.79","4958.38361329","","BTC-USD"
"2024-06-20","64945.67","66455.52","64500","64840.88","9346.70807899","","BTC-USD"
"2024-06-21","64840.89","65017.1","63300.93","64120.28","9816.79599936","","BTC-USD"
"2024-06-22","64120.28","64523.91","63910.01","64235.01","2324.21500373","","BTC-USD"
"2024-06-23","64235","64499.95","63125.75","63171.43","2054.79092364","","BTC-USD"
"2024-06-24","63169.36","63343.91","58414.28","60263","21418.04594647","","BTC-USD"
"2024-06-25","60262.16","62400","60217.36","61789.71","15201.5824773","","BTC-USD"
"2024-06-26","61794.47","62470","60656.8","60816.68","11392.79835017","","BTC-USD"
"2024-06-27","60818.86","62346.16","60546.94","61615.39","10530.35898848","","BTC-USD"
"2024-06-28","61611.43","62170.62","59868","60313.35","11381.0258738","","BTC-USD"
"2024-06-29","60312.36","61122.66","60273.8","60885.67","3199.03650127","","BTC-USD"
"2024-06-30","60884.44","62942.67","60611.01","62668.26","4263.22924826","","BTC-USD"
"2024-07-01","62669.14","63801.26","62448.46","62830.13","12326.70696465","","BTC-USD"
"2024-07-02","62830.94","63223.57","61000","62040.22","10688.64132628","","BTC-USD"
"2024-07-03","62039.44","62197.01","59332.76","60145.01","12066.71677065","","BTC-USD"
"2024-07-04","60145.01","60429.27","56709.73","57042.14","17969.35692426","","BTC-USD"
"2024-07-05","57036.45","57515.6","53499.9","56639.43","28052.41501655","","BTC-USD"
"2024-07-06","56634.53","58481.97","56020.32","58244.75","6449.32501293","","BTC-USD"
"2024-07-07","58240.36","58448.89","55717.23","55854.09","5320.91645368","","BTC-USD"
"2024-07-08","55852.61","58200","54278.93","56699.43","19043.04861272","","BTC-USD"
"2024-07-09","56701.18","58295.31","56276.37","58047.86","11757.76025902","","BTC-USD"
"2024-07-10","58047.86","59481.93","57157.28","57712.59","11619.63229345","","BTC-USD"
"2024-07-11","57713.4","59533.06","57036.41","57340.77","11433.53379518","","BTC-USD"
"2024-07-12","57343.66","58550","56538.33","57909.03","10516.60400149","","BTC-USD"
"2024-07-13","57908.61","59875","57770.92","59224.58","4255.10545721","","BTC-USD"
"2024-07-14","59224.58","61428.67","59209.2","60808.42","6132.37403058","","BTC-USD"
"2024-07-15","60804.97","64943.61","60666.59","64757.16","20601.73387957","","BTC-USD"
"2024-07-16","64757.16","65405.89","62410.33","65088.99","14691.92002303","","BTC-USD"
"2024-07-17","65086.55","66139","63853.99","64085.81","10647.79709095","","BTC-USD"
"2024-07-18","64085.82","65130.88","63222.6","63982.86","7637.52760383","","BTC-USD"
"2024-07-19","63977.64","67504.22","63289.15","66707.61","15163.05745737","","BTC-USD"
"2024-07-20","66707.61","67635","66271","67163.83","4671.38885135","","BTC-USD"
"2024-07-21","67163.82","68380","65820.18","68181.28","6027.86201344","","BTC-USD"
"2024-07-22","68181.16","68495","66569.42","67558.22","11844.79119584","","BTC-USD"
"2024-07-23","67560.03","67786.84","65444.3","65939.24","10791.03782177","","BTC-USD"
"2024-07-24","65939.24","67131.17","65090.61","65366.4","7702.25551129","","BTC-USD"
"2024-07-25","65358.86","66161.98","63412.46","65795.42","10452.25571747","","BTC-USD"
"2024-07-26","65795.52","68216.66","65705.6","67924.08","9315.20918753","","BTC-USD"
"2024-07-27","67921.46","69418.15","66635.28","67899.41","10233.62198513","","BTC-USD"
"2024-07-28","67901.81","68308.82","67021.8","68244.3","3505.5483691","","BTC-USD"
"2024-07-29","68244.3","70000","66400.01","66771.45","13641.48475825","","BTC-USD"
"2024-07-30","66767.14","66994.15","65283.68","66169.68","8733.57157991","","BTC-USD"
"2024-07-31","66169.68","66837.4","64500","64609.62","8986.37529253","","BTC-USD"
"2024-08-01","64609.61","65593.56","62212.81","65288.18","15636.72205775","","BTC-USD"
"2024-08-02","65293.48","65557.86","61150","61418.06","15390.00963957","","BTC-USD"
"2024-08-03","61418.06","62171.58","59819.13","60674.93","8019.39450918","","BTC-USD"
"2024-08-04","60674.93","61082.3","57123","58130.95","10319.01091658","","BTC-USD"
"2024-08-05","58131.31","58282.83","49050.01","54029.12","59125.78926672","","BTC-USD"
"2024-08-06","54037.9","57091.16","53965.57","56048.08","16897.67519536","","BTC-USD"
"2024-08-07","56048.07","57757.15","54564.15","55148.1","13971.5151871","","BTC-USD"
"2024-08-08","55144.14","62755.24","54737.32","61705.58","20623.04985861","","BTC-USD"
"2024-08-09","61704.05","61764.38","59552.46","60862.13","11569.80744379","","BTC-USD"
"2024-08-10","60864.71","61500","60255.61","60935.02","3157.63609699","","BTC-USD"
"2024-08-11","60935.01","61868.69","58312.63","58722.49","5229.37008498","","BTC-USD"
"2024-08-12","58717.44","60721.77","57653.31","59358.78","12183.92944247","","BTC-USD"
"2024-08-13","59358.78","61615.43","58402.01","60603.19","10879.76363828","","BTC-USD"
"2024-08-14","60603.19","61827.2","58453.56","58690.62","12938.61473824","","BTC-USD"
"2024-08-15","58690.62","59883.49","56120","57543.61","14506.63316989","","BTC-USD"
"2024-08-16","57543.57","59871.61","57096.56","58888.99","11930.21788221","","BTC-USD"
"2024-08-17","58888.99","59711.02","58803.45","59497.49","2787.56355634","","BTC-USD"
"2024-08-18","59497.49","60284.99","58422","58437.9","4325.64817169","","BTC-USD"
"2024-08-19","58436.2","59639.81","57820","59452.67","8539.29378706","","BTC-USD"
"2024-08-20","59455.81","61457.03","58571.96","59017.59","11062.05279919","","BTC-USD"
"2024-08-21","59017.59","61849.98","58793.89","61163.28","13380.11101719","","BTC-USD"
"2024-08-22","61167.54","61430.48","59750","60383.29","9608.6955368","","BTC-USD"
"2024-08-23","60383.28","64987","60343.2","64086.72","17852.77117167","","BTC-USD"
"2024-08-24","64091.63","64529.78","63564.22","64179.63","5020.91676004","","BTC-USD"
"2024-08-25","64179.63","65050.08","63793.74","64251.93","4012.30764642","","BTC-USD"
"2024-08-26","64250.01","64509.36","62806.8","62840","10741.96651081","","BTC-USD"
"2024-08-27","62840.09","63226.26","58025.49","59439.64","14195.89496578","","BTC-USD"
"2024-08-28","59437.68","60236.98","57851.62","59045.88","10001.12169866","","BTC-USD"
"2024-08-29","59047.94","61194.09","58729.39","59364.47","10933.22040343","","BTC-USD"
"2024-08-30","59353.12","59929.63","57700","59112.77","9382.9124508","","BTC-USD"
"2024-08-31","59117.59","59446.99","58739.31","58968.37","1368.21775121","","BTC-USD"
"2024-09-01","58968.37","59070.55","57200","57299","4411.05388122","","BTC-USD"
"2024-09-02","57291.21","59423","57119.01","59139.83","4318.6544603","","BTC-USD"
"2024-09-03","59138.89","59825.7","57394.49","57468.84","8264.44971184","","BTC-USD"
"2024-09-04","57460.5","58531.25","55555","57971","13715.96171494","","BTC-USD"
"2024-09-05","57971","58326.12","55628.04","56156.82","12281.57828747","","BTC-USD"
"2024-09-06","56156.82","56995","52530","53950.01","18495.45064356","","BTC-USD"
"2024-09-07","53950","54847","53733.1","54156.33","3284.57722628","","BTC-USD"
"2024-09-08","54159.6","55315.95","53623.95","54881.11","3684.86816392","","BTC-USD"
"2024-09-09","54881.1","58119.97","54565.56","57053.9","10203.03329517","","BTC-USD"
"2024-09-10","57047.82","58050.35","56377.76","57645.59","6433.21371111","","BTC-USD"
"2024-09-11","57641.15","58014.35","55534.41","57352.79","11678.94297124","","BTC-USD"
"2024-09-12","57352.92","58600","57311.15","58137.54","10175.62390483","","BTC-USD"
"2024-09-13","58137.33","60670","57630.01","60543.35","11935.95544754","","BTC-USD"
"2024-09-14","60543.35","60660","59436.8","60012.35","3147.39019631","","BTC-USD"
"2024-09-15","60012.34","60402.34","58695.75","59122.33","3975.3568185","","BTC-USD"
"2024-09-16","59122.7","59214.15","57477","58208.75","7654.10991835","","BTC-USD"
"2024-09-17","58209.76","61373.41","57620.27","60312.6","11701.89074715","","BTC-USD"
"2024-09-18","60317.38","61800","59174.5","61769.18","11471.50683029","","BTC-USD"
"2024-09-19","61770.38","63891.82","61569.16","62960.14","15075.86835522","","BTC-USD"
"2024-09-20","62956.04","64140.67","62340","63210.69","10636.1082809","","BTC-USD"
"2024-09-21","63210.94","63575.63","62755","63362.74","1960.85712028","","BTC-USD"
"2024-09-22","63362.74","64000","62380.55","63577.66","2882.2341982","","BTC-USD"
"2024-09-23","63580.39","64739.67","62566.28","63338.87","7014.74459935","","BTC-USD"
"2024-09-24","63338.85","64700","62689.15","64272.93","8933.46473574","","BTC-USD"
"2024-09-25","64272.93","64811","62932.8","63130.89","5909.09510453","","BTC-USD"
"2024-09-26","63131.13","65865","62652.99","65177.21","12789.85035505","","BTC-USD"
"2024-09-27","65176.39","66550","64827.85","65789","9529.0168808","","BTC-USD"
"2024-09-28","65787.53","66266.39","65400","65858.99","2755.22680581","","BTC-USD"
"2024-09-29","65857.33","66059","65433.29","65600.01","2721.35197741","","BTC-USD"
"2024-09-30","65600.01","65624.95","62833.95","63301.25","10629.74147917","","BTC-USD"
"2024-10-01","63305.52","64106.75","60150.89","60790","15970.80295516","","BTC-USD"
"2024-10-02","60792.63","62380.34","59969.2","60631.37","8764.03050337","","BTC-USD"
"2024-10-03","60631.36","61474.92","59824.87","60744.99","7834.55718072","","BTC-USD"
"2024-10-04","60745","62481","60454.5","62090.71","7884.21831808","","BTC-USD"
"2024-10-05","62090.7","62380.04","61686.34","62051.29","1783.56564961","","BTC-USD"
"2024-10-06","62051.29","62978.75","61805.85","62810.86","2086.21821773","","BTC-USD"
"2024-10-07","62810.93","64467.02","62113.28","62200.28","10707.1500015","","BTC-USD"
"2024-10-08","62203.82","63191.05","61824.48","62122.02","6566.33034742","","BTC-USD"
"2024-10-09","62118.44","62507.68","60255","60578.28","7582.36723494","","BTC-USD"
"2024-10-10","60578.28","61271.59","58863.9","60279.53","10462.57962276","","BTC-USD"
"2024-10-11","60279.53","63416.7","60029.98","62518.75","11454.9900534","","BTC-USD"
"2024-10-12","62518.75","63474.25","62464.15","63187.47","3943.90648994","","BTC-USD"
"2024-10-13","63183.08","63270.18","62033","62845.3","2257.61460657","","BTC-USD"
"2024-10-14","62847.89","66500","62426.67","66065.65","13638.71106556","","BTC-USD"
"2024-10-15","66065.64","67944.76","64778.44","67056.6","16324.01191342","","BTC-USD"
"2024-10-16","67056.62","68399","66743","67608.44","12465.75691229","","BTC-USD"
"2024-10-17","67608.45","67926.99","66629.97","67402.33","7912.22639285","","BTC-USD"
"2024-10-18","67399.86","69000.62","67149.24","68426.11","11802.74441943","","BTC-USD"
"2024-10-19","68426.11","68689.29","68005.83","68363.73","1868.86958754","","BTC-USD"
"2024-10-20","68363.73","69380","68083.18","69014.86","2632.89214855","","BTC-USD"
"2024-10-21","69014.87","69498","66802","67346.15","10226.59346669","","BTC-USD"
"2024-10-22","67346.15","67800","66535","67380.08","8598.06472763","","BTC-USD"
"2024-10-23","67389.7","67415.65","65149.51","66601.11","9021.17140157","","BTC-USD"
"2024-10-24","66601.1","68800","66445.32","68156.84","10016.19830413","","BTC-USD"
"2024-10-25","68156.84","68742.38","65500.01","66564.51","14485.49253537","","BTC-USD"
"2024-10-26","66564.51","67365.18","66331.95","67012.56","2949.2199701","","BTC-USD"
"2024-10-27","67008.15","68261.37","66836.78","67943.19","2819.59766921","","BTC-USD"
"2024-10-28","67943.18","70235.98","67532.48","69924.5","16140.14013624","","BTC-USD"
"2024-10-29","69924.49","73624.98","69705.76","72724.35","20616.91187006","","BTC-USD"
"2024-10-30","72724.35","72948.6","71400.01","72322.91","13543.49337837","","BTC-USD"
"2024-10-31","72322.91","72684.02","69559.33","70197.83","14726.78460342","","BTC-USD"
"2024-11-01","70198.02","71620","68720","69467.29","15295.28781188","","BTC-USD"
"2024-11-02","69466.64","69891.92","69000","69358.94","2203.99644104","","BTC-USD"
"2024-11-03","69360.95","69364.65","67444","68738.18","6758.88506466","","BTC-USD"
"2024-11-04","68736.4","69453.94","66783.77","67807.48","12431.01371517","","BTC-USD"
"2024-11-05","67810.15","70557.67","67427.53","69380.73","12867.66127618","","BTC-USD"
"2024-11-06","69380.64","76509.56","69285.82","75646.55","45398.11837369","","BTC-USD"
"2024-11-07","75646.55","76999","74463.96","75920","21932.40207681","","BTC-USD"
"2024-11-08","75925","77312.18","75654.26","76566.73","18378.39876264","","BTC-USD"
"2024-11-09","76566.72","76952.67","75758.58","76716.06","4836.57005338","","BTC-USD"
"2024-11-10","76716.06","81534.28","76535.33","80428.92","16728.21105103","","BTC-USD"
"2024-11-11","80427.69","89666","80277.34","88770.73","35560.11866694","","BTC-USD"
"2024-11-12","88770.74","90100","85010","88035.43","40111.80924643","","BTC-USD"
"2024-11-13","88035.43","93495","86220.5","90493.82","42318.6909168","","BTC-USD"
"2024-11-14","90499.4","91831.25","86672.07","87340.4","23422.75915863","","BTC-USD"
"2024-11-15","87338.96","91934.62","87100.83","91058.36","20388.33115227","","BTC-USD"
"2024-11-16","91058.36","91820.73","90069.21","90636.24","6598.0269304","","BTC-USD"
"2024-11-17","90638.54","91439.82","88713.64","89886.69","5574.55122824","","BTC-USD"
"2024-11-18","89877.11","92674.8","89372.65","90520.3","17340.77166451","","BTC-USD"
"2024-11-19","90521.32","94105.84","90403.24","92435.89","18267.16111244","","BTC-USD"
"2024-11-20","92445.04","94989.99","91600","94393.15","20329.039987","","BTC-USD"
"2024-11-21","94384.15","99073.53","94127.2","98439.09","31188.09394751","","BTC-USD"
"2024-11-22","98439.1","99860","97209.52","99024.03","29936.62215019","","BTC-USD"
"2024-11-23","99024.03","99044.11","97215.01","97778.77","12072.47203722","","BTC-USD"
"2024-11-24","97778.78","98700","95780.77","98028.18","8654.77135767","","BTC-USD"
"2024-11-25","98032.06","98999","92534.93","93000.01","20695.912495","","BTC-USD"
"2024-11-26","93001.48","95004.92","90682.58","91929.54","17848.01962899","","BTC-USD"
"2024-11-27","91929.53","97386.06","91747.46","95951.19","15213.90946356","","BTC-USD"
"2024-11-28","95951.19","96676.31","94671.59","95665.53","5586.55288339","","BTC-USD"
"2024-11-29","95665.53","98750","95383.46","97490.56","12587.02498942","","BTC-USD"
"2024-11-30","97489.8","97509.6","96129.73","96465.42","3476.04255853","","BTC-USD"
"2024-12-01","96464.95","97895.9","95753.42","97263.18","4039.27591451","","BTC-USD"
"2024-12-02","97259.17","98200","94400.63","95862.89","15554.61486745","","BTC-USD"
"2024-12-03","95862.89","96310.1","93571.3","95924.52","17898.7046212","","BTC-USD"
"2024-12-04","95924.85","99263.2","94634.85","98746.24","17528.92050771","","BTC-USD"
"2024-12-05","98746.24","104000","92055.86","97044.23","36399.8182427","","BTC-USD"
"2024-12-06","97049.47","102104.12","96424.2","99891.35","17801.21293952","","BTC-USD"
"2024-12-07","99885.37","100583.27","99012.73","99929.32","4774.3508777","","BTC-USD"
"2024-12-08","99919.2","101435.05","98729.66","101174.99","4230.35225168","","BTC-USD"
"2024-12-09","101175","101290.73","94220.8","97324.81","20103.05073464","","BTC-USD"
"2024-12-10","97330.66","98338.17","94273.38","96660.76","20620.53877488","","BTC-USD"
"2024-12-11","96660.75","101984.98","95722.79","101202.11","21190.23753294","","BTC-USD"
"2024-12-12","101211.61","102595","99298.39","100030.47","14796.92456547","","BTC-USD"
"2024-12-13","100024.75","101959.13","99220.81","101428.75","13327.59954074","","BTC-USD"
"2024-12-14","101428.74","102650","100600","101399.99","4181.40180281","","BTC-USD"
"2024-12-15","101400","105100","101221.34","104447.76","7796.33358128","","BTC-USD"
"2024-12-16","104445.15","107857.79","103289.21","106099.81","22575.87902891","","BTC-USD"
"2024-12-17","106099.98","108388.88","105337.97","106136.99","11994.58863972","","BTC-USD"
"2024-12-18","106145.83","106528.13","99939.82","100150.73","22294.42835455","","BTC-USD"
"2024-12-19","100148.6","102796.22","95539.67","97372.21","23522.12863874","","BTC-USD"
"2024-12-20","97372.2","98132.47","92115.66","97765","21766.62386138","","BTC-USD"
"2024-12-21","97762.75","99596.57","96368","97230.08","6451.43271418","","BTC-USD"
"2024-12-22","97230.09","97387.98","94182.98","95087.75","4933.50127735","","BTC-USD"
"2024-12-23","95091.15","96430.08","92360.91","94764.56","13476.98947566","","BTC-USD"
"2024-12-24","94767.88","99444","93426.25","98594.47","13355.36314305","","BTC-USD"
"2024-12-25","98594.47","99484.92","97557.48","99346.28","5254.2370598","","BTC-USD"
"2024-12-26","99358.67","99887","95083.93","95669.49","11403.37268934","","BTC-USD"
"2024-12-27","95669.4","97340.47","93234.31","94171.89","13169.12897588","","BTC-USD"
"2024-12-28","94171.7","95534.17","94002.72","95130.82","2722.6591363","","BTC-USD"
"2024-12-29","95125.59","95170.06","92841.48","93563.35","3417.52751094","","BTC-USD"
"2024-12-30","93563.35","94910.48","91271.19","92620.71","15271.24432744","","BTC-USD"
"2024-12-31","92620.7","96148.94","91887.13","93354.22","10348.6325655","","BTC-USD"
"2025-01-01","93347.59","94960.91","92743.63","94383.59","6871.73848196","","BTC-USD"
"2025-01-02","94383.59","97776.99","94177","96903.19","10912.47383962","","BTC-USD"
"2025-01-03","96905.48","98969.92","96016.63","98136.51","9021.88538159","","BTC-USD"
"2025-01-04","98139.85","98761.02","97516.65","98209.85","2742.08960614","","BTC-USD"
"2025-01-05","98209.85","98814","97250","98345.33","2377.92175899","","BTC-USD"
"2025-01-06","98347.65","102500","97900","102279.41","15173.55606778","","BTC-USD"
"2025-01-07","102279.41","102735.99","96105.11","96941.98","16587.2869223","","BTC-USD"
"2025-01-08","96941.98","97254.35","92500","95036.63","14182.29739458","","BTC-USD"
"2025-01-09","95033.18","95363.26","91187","92547.44","9712.37853215","","BTC-USD"
"2025-01-10","92547.44","95862.92","92209.25","94701.18","12634.03407823","","BTC-USD"
"2025-01-11","94701.48","94983.65","93804.05","94565.02","2638.69956767","","BTC-USD"
"2025-01-12","94569.91","95383.84","93670.3","94509.62","2025.81612971","","BTC-USD"
"2025-01-13","94507.24","95900","89028.64","94506.45","13094.86359481","","BTC-USD"
"2025-01-14","94507.35","97353.29","94311.36","96534.96","11210.74226727","","BTC-USD"
"2025-01-15","96534.97","100716.45","96400","100510.23","13610.74729401","","BTC-USD"
"2025-01-16","100504.27","100880","97277.58","99981.78","12312.37366854","","BTC-USD"
"2025-01-17","99981.46","105970","99937.81","104107","20518.30949325","","BTC-USD"
"2025-01-18","104107","104933.15","102233.45","104435","7835.29991824","","BTC-USD"
"2025-01-19","104435.01","106314.44","99518","101211.13","13312.63685598","","BTC-USD"
"2025-01-20","101217.78","109358.01","99416.27","102145.43","32342.18311338","","BTC-USD"
"2025-01-21","102145.42","107291.1","100051","106159.26","19411.23488978","","BTC-USD"
"2025-01-22","106159.27","106431.34","103100","103667.11","10730.018962","","BTC-USD"
"2025-01-23","103659.6","106870.87","101200.01","103926.36","25064.86499945","","BTC-USD"
"2025-01-24","103926.36","107200","102751.92","104850.27","12921.99361413","","BTC-USD"
"2025-01-25","104866.13","105294","104104","104733.56","3404.85308291","","BTC-USD"
"2025-01-26","104729.92","105478.8","102452.24","102563","4575.36611531","","BTC-USD"
"2025-01-27","102565.28","103228.46","97715.03","102062.42","23647.14111877","","BTC-USD"
"2025-01-28","102063.92","103770.85","100213.8","101290","9488.53429464","","BTC-USD"
"2025-01-29","101290.01","104829.64","101275.6","103747.25","11403.20278905","","BTC-USD"
"2025-01-30","103747.25","106484.77","103289.74","104742.64","13061.34881233","","BTC-USD"
"2025-01-31","104742.63","106090","101506","102411.26","13313.68104489","","BTC-USD"
"2025-02-01","102414.05","102781.65","100250","100623.85","3390.25555744","","BTC-USD"
"2025-02-02","100623.88","101459.84","96179","97676.52","10366.65062753","","BTC-USD"
"2025-02-03","97676.53","102599.85","91178.01","101460.2","31328.72219576","","BTC-USD"
"2025-02-04","101460.15","101812.23","96145.76","97795.05","14168.7031661","","BTC-USD"
"2025-02-05","97795.06","99230.49","96161.01","96638.33","9308.59185883","","BTC-USD"
"2025-02-06","96635.62","99182.15","95674.96","96564.62","9168.94674634","","BTC-USD"
"2025-02-07","96575.24","100235.79","95614.96","96537.08","12171.82534167","","BTC-USD"
"2025-02-08","96536.93","96919.05","95682.33","96476.25","2972.45715184","","BTC-USD"
"2025-02-09","96476.24","97342.28","94730.67","96475.82","3417.87009701","","BTC-USD"
"2025-02-10","96481.47","98367.23","95257.2","97444.41","6375.72539123","","BTC-USD"
"2025-02-11","97451.66","98500","94831.07","95774.08","7737.05105717","","BTC-USD"
"2025-02-12","95770.95","98119.98","94066.92","97862.53","9078.50356189","","BTC-USD"
"2025-02-13","97864.28","98100","95220","96625.29","6803.6078927","","BTC-USD"
"2025-02-14","96625.29","98890.11","96268.56","97509.03","7744.67640105","","BTC-USD"
"2025-02-15","97507.94","97997.85","97225.01","97596.94","1626.51929078","","BTC-USD"
"2025-02-16","97596.54","97738.22","96057.68","96119.88","2174.29326885","","BTC-USD"
"2025-02-17","96119.88","97050.64","95200","95781.8","3533.01273263","","BTC-USD"
"2025-02-18","95781.8","96730","93333","95607.4","8867.39878431","","BTC-USD"
"2025-02-19","95612.97","96880","95000.01","96632.03","6945.44897339","","BTC-USD"
"2025-02-20","96632.03","98768.54","96419.07","98347.2","10582.84622768","","BTC-USD"
"2025-02-21","98347.2","99517.52","94721.92","96157.03","19298.23921958","","BTC-USD"
"2025-02-22","96157.03","96982.52","95767.95","96582.12","7324.02366243","","BTC-USD"
"2025-02-23","96578.49","96679.93","95243.91","96265.98","3787.84705335","","BTC-USD"
"2025-02-24","96266.23","96515.41","91300","91510.82","12644.0435007","","BTC-USD"
"2025-02-25","91509.88","92549.99","85836.18","88583.74","31587.91715546","","BTC-USD"
"2025-02-26","88583.17","89305.68","82111.12","84111.78","21568.55463119","","BTC-USD"
"2025-02-27","84111.77","86993.87","82554.11","84625.19","16836.55524727","","BTC-USD"
"2025-02-28","84627.5","85116.19","78167.81","84297.73","30755.74245077","","BTC-USD"
"2025-03-01","84297.74","86534.96","83772.54","86018.76","6852.5441262","","BTC-USD"
"2025-03-02","86018.82","95128.88","85003.35","94265.48","16751.22972996","","BTC-USD"
"2025-03-03","94265.47","94415.61","85007.01","86161.1","22691.67068614","","BTC-USD"
"2025-03-04","86161.09","88977.27","81444","87249.96","23130.37098654","","BTC-USD"
"2025-03-05","87247.93","91000","86329.22","90603.73","14900.93396554","","BTC-USD"
"2025-03-06","90607.73","92817.29","87790.5","89921.85","13303.43744669","","BTC-USD"
"2025-03-07","89915.02","91280","84608.27","86756.98","27137.2022302","","BTC-USD"
"2025-03-08","86753.3","86863.38","85200","86206.69","3023.2478665","","BTC-USD"
"2025-03-09","86206.64","86480","80000","80699.17","7565.44749561","","BTC-USD"
"2025-03-10","80708.21","84033.66","77389","78544.71","21375.10120997","","BTC-USD"
"2025-03-11","78548.18","83600","76555","82914.51","17096.37980265","","BTC-USD"
"2025-03-12","82911.81","84442.69","80572.21","83659.43","12617.220582","","BTC-USD"
"2025-03-13","83659.45","84310.8","79890","81073.43","10506.80043483","","BTC-USD"
"2025-03-14","81071.5","85318.61","80771.17","83980.49","10857.45703924","","BTC-USD"
"2025-03-15","83989.86","84690.43","83612.24","84351.46","2331.92028578","","BTC-USD"
"2025-03-16","84351.45","85092.35","81969.44","82562.57","4059.89765099","","BTC-USD"
"2025-03-17","82562.5","84758.46","82416.98","84011.4","7785.97733364","","BTC-USD"
"2025-03-18","84011.39","84029.67","81125","82698.76","7316.63296603","","BTC-USD"
"2025-03-19","82699.53","87045.45","82535.53","86877.96","13056.03519886","","BTC-USD"
"2025-03-20","86877.97","87492.87","83596.75","84183.42","9880.31696275","","BTC-USD"
"2025-03-21","84183.41","84809.72","83100","84061.96","6257.63558757","","BTC-USD"
"2025-03-22","84061.96","84517.75","83659.69","83852.03","2108.51345069","","BTC-USD"
"2025-03-23","83852.06","86128.99","83804.67","86092.94","3467.46945277","","BTC-USD"
"2025-03-24","86092.95","88804.64","85533.06","87523.62","13107.50391644","","BTC-USD"
"2025-03-25","87518.09","88584.34","86321.97","87427.88","10153.98312373","","BTC-USD"
"2025-03-26","87432.82","88304.1","85850","86926.01","6885.71986041","","BTC-USD"
"2025-03-27","86926.01","87790.12","85784","87217.48","6904.09386105","","BTC-USD"
"2025-03-28","87214.07","87498.15","83533.4","84381.8","10031.80008987","","BTC-USD"
"2025-03-29","84381.81","84584.13","81608.99","82616.83","3194.24303663","","BTC-USD"
"2025-03-30","82624.06","83508.98","81538.88","82379.98","2472.72302228","","BTC-USD"
"2025-03-31","82379.98","83920.8","81265.16","82534.32","6887.94694226","","BTC-USD"
"2025-04-01","82534.31","85566.53","82403.32","85170.37","9130.97692565","","BTC-USD"
"2025-04-02","85166.92","88530","82283.01","82490.08","16748.28262337","","BTC-USD"
"2025-04-03","82490.1","83953.45","81177.7","83174.33","11800.91106566","","BTC-USD"
"2025-04-04","83178.68","84720.67","81643.54","83860.16","14593.03092888","","BTC-USD"
"2025-04-05","83859.78","84238.35","82346.61","83498.25","2836.42920662","","BTC-USD"
"2025-04-06","83505.88","83773.58","77058.99","78370.75","11014.8594773","","BTC-USD"
"2025-04-07","78370.15","81223.67","74420.69","79140.01","26706.52930797","","BTC-USD"
"2025-04-08","79140.02","80849.98","76167.35","76251.64","14917.02351692","","BTC-USD"
"2025-04-09","76258.8","83583.35","74553.01","82594.75","23584.94464084","","BTC-USD"
"2025-04-10","82593.15","82730.93","78387.24","79552.34","11876.12778689","","BTC-USD"
"2025-04-11","79552.34","84299","78919.94","83380.47","9964.68703141","","BTC-USD"
"2025-04-12","83379.64","85909.97","82765.26","85271.01","3972.49282052","","BTC-USD"
"2025-04-13","85271.02","86092.99","83010","83733.07","3904.15929557","","BTC-USD"
"2025-04-14","83733.07","85818.06","83655.27","84590.36","7247.02343319","","BTC-USD"
"2025-04-15","84590.36","86491.4","83592.77","83629.78","6461.77024421","","BTC-USD"
"2025-04-16","83622.52","85526.4","83088.02","84028.72","8246.73748903","","BTC-USD"
"2025-04-17","84028.71","85494.94","83711.69","84961.97","5865.70077325","","BTC-USD"
"2025-04-18","84961.97","85150.94","84287.06","84466.47","1884.07668707","","BTC-USD"
"2025-04-19","84466.47","85625","84353.45","85074.99","1683.30746873","","BTC-USD"
"2025-04-20","85074.59","85319.21","83972.82","85177.34","1812.14325365","","BTC-USD"
"2025-04-21","85177.33","88575.62","85135.98","87522.07","12603.75828155","","BTC-USD"
"2025-04-22","87513.53","93952.62","87077.17","93489.1","19460.09432868","","BTC-USD"
"2025-04-23","93486.57","94686","91902.19","93740.92","12538.32136507","","BTC-USD"
"2025-04-24","93740.93","94061.02","91685.18","94021.96","9320.8086182","","BTC-USD"
"2025-04-25","94021.97","95976.34","92880.01","94708.79","14148.6339475","","BTC-USD"
"2025-04-26","94707.79","95273.52","93903.01","94666.64","2253.98942317","","BTC-USD"
"2025-04-27","94666.64","95351.11","93654.77","93780.57","2304.93789541","","BTC-USD"
"2025-04-28","93780.56","95652.66","92829.44","95042.57","7348.4883725","","BTC-USD"
"2025-04-29","95042.56","95499","93761.26","94271.09","5979.94472886","","BTC-USD"
"2025-04-30","94271.08","95263.74","92911.88","94182.54","6511.31778605","","BTC-USD"
"2025-05-01","94182.55","97546.99","94136.79","96524.98","8334.02681063","","BTC-USD"
"2025-05-02","96524.98","97948.56","96369.69","96929.81","5709.61012071","","BTC-USD"
"2025-05-03","96929.81","96974.78","95765.13","95861.33","2077.55675998","","BTC-USD"
"2025-05-04","95865.47","96312.51","94151.67","94272.55","2834.39686495","","BTC-USD"
"2025-05-05","94272.54","95218.82","93500.01","94733.99","5181.01206583","","BTC-USD"
"2025-05-06","94733.99","96916.25","93363.28","96839.17","6164.34738969","","BTC-USD"
"2025-05-07","96843.84","97738.05","95800","97058.32","8328.69875473","","BTC-USD"
"2025-05-08","97058.33","104176.05","96888.25","103253.49","15379.43544074","","BTC-USD"
"2025-05-09","103252.2","104352.6","102330.76","102986.96","7318.60440182","","BTC-USD"
"2025-05-10","102986.94","104997","102831.41","104821.19","3104.17143581","","BTC-USD"
"2025-05-11","104817.83","104980.89","103360.22","104137.62","3055.22813204","","BTC-USD"
"2025-05-12","104137.58","105787.37","100703.71","102800.21","11005.40673978","","BTC-USD"
"2025-05-13","102800.22","105038.53","101447.78","104131.06","8727.89105836","","BTC-USD"
"2025-05-14","104131.2","104373","102603.27","103545.38","7628.70177301","","BTC-USD"
"2025-05-15","103540.91","104200","101400.01","103786.43","7563.00946962","","BTC-USD"
"2025-05-16","103786.4","104616.71","103125.51","103500.03","6881.65708111","","BTC-USD"
"2025-05-17","103500.03","103741.98","102612","103161.07","1848.95251021","","BTC-USD"
"2025-05-18","103162.53","106692.97","103130.95","106473.46","4130.60889099","","BTC-USD"
"2025-05-19","106488.77","107137.68","102105","105616.18","10104.32339011","","BTC-USD"
"2025-05-20","105616.21","107355","104209.18","106883.24","8804.38724819","","BTC-USD"
"2025-05-21","106883.24","110788.98","106128.14","109699.54","18333.91491262","","BTC-USD"
"2025-05-22","109697.19","112000","109217.23","111722.53","11250.38756124","","BTC-USD"
"2025-05-23","111722.54","111824.07","106800.01","107329.61","9638.23489571","","BTC-USD"
"2025-05-24","107332.08","109517.79","106895.77","107794.01","2611.3560546","","BTC-USD"
"2025-05-25","107794.01","109371.04","106632.35","109048.68","2996.9984274","","BTC-USD"
"2025-05-26","109048.41","110474.41","108706.04","109464.32","4641.38117417","","BTC-USD"
"2025-05-27","109464.33","110829.42","107536.41","108978.46","8827.06917845","","BTC-USD"
"2025-05-28","108978.45","109344.89","106790.16","107819.29","6474.20131287","","BTC-USD"
"2025-05-29","107819.26","108943.35","105315","105572.58","9305.58410478","","BTC-USD"
"2025-05-30","105572.58","106377.66","103634.48","104033.26","7866.16241154","","BTC-USD"
"2025-05-31","104033","104965.5","103110.01","104645.87","2403.60824408","","BTC-USD"
"2025-06-01","104645.87","105937.46","103800.81","105697.94","2369.92891564","","BTC-USD"
"2025-06-02","105697.93","106000","103685.23","105904.94","5818.90812007","","BTC-USD"
"2025-06-03","105909.79","106901.68","104910.01","105447.82","6486.4597778","","BTC-USD"
"2025-06-04","105443.95","106058.47","104202","104753.38","4505.03599201","","BTC-USD"
"2025-06-05","104753.37","105999.68","100345.73","101570.2","10627.57339852","","BTC-USD"
"2025-06-06","101570.2","105439.01","101132.91","104397.99","9677.25748525","","BTC-USD"
"2025-06-07","104398","106000","103969.7","105619.02","4141.10124271","","BTC-USD"
"2025-06-08","105619.02","106548.9","105028.3","105784.4","1998.61011035","","BTC-USD"
"2025-06-09","105784.41","110651.12","105368.27","110301.15","6581.24781856","","BTC-USD"
"2025-06-10","110299.69","110420.08","108362.14","110300.24","5433.6716937","","BTC-USD"
"2025-06-11","110300.25","110435.05","108091.74","108669.37","4603.3324446","","BTC-USD"
"2025-06-12","108673.77","108853.74","105706.78","105721.05","5734.67136139","","BTC-USD"
"2025-06-13","105716.45","106233","102746.01","106118.7","7441.52465913","","BTC-USD"
"2025-06-14","106114.53","106264.36","104351.72","105465.42","2256.48702523","","BTC-USD"
"2025-06-15","105465.42","106184.13","104505.05","105599.25","1722.80945227","","BTC-USD"
"2025-06-16","105600.21","109000","104982.26","106853.38","5952.98369341","","BTC-USD"
"2025-06-17","106853.38","107792.9","103363.3","104590.44","7688.94642443","","BTC-USD"
"2025-06-18","104590.44","105603.63","103512.38","104915.6","4918.14382744","","BTC-USD"
"2025-06-19","104915.6","105266.61","103916.37","104671.9","2279.05842007","","BTC-USD"
"2025-06-20","104671.4","106553.86","102357.25","103317.8","5047.63626176","","BTC-USD"
"2025-06-21","103317.79","104013.64","100919.19","102160.03","3287.51327489","","BTC-USD"
"2025-06-22","102160.36","103417","98225.01","100996.87","7872.25874446","","BTC-USD"
"2025-06-23","100996.87","106135.47","99677.07","105419.39","8910.86676597","","BTC-USD"
"2025-06-24","105418.4","106366.29","104681.83","106141","5773.20907668","","BTC-USD"
"2025-06-25","106141.01","108206","105875","107400.22","7072.65636297","","BTC-USD"
"2025-06-26","107400.22","108345","106605.88","107029.64","4900.22231656","","BTC-USD"
"2025-06-27","107029.63","107804.2","106413.79","107113.38","6310.43715745","","BTC-USD"
"2025-06-28","107119.17","107599.81","106868.94","107352.2","1227.76803255","","BTC-USD"
"2025-06-29","107352.2","108550","107230","108386.44","2154.86170312","","BTC-USD"
"2025-06-30","108386.44","108800","106724.76","107173.21","4839.04838063","","BTC-USD"
"2025-07-01","107173.21","107579.3","105262","105711.78","5152.72760186","","BTC-USD"
"2025-07-02","105711.77","109823.08","105119.7","108888.32","7995.79258367","","BTC-USD"
"2025-07-03","108887.03","110590","108574.31","109628.83","6434.57921608","","BTC-USD"
"2025-07-04","109628.83","109812.94","107268.84","108028.6","3129.21859997","","BTC-USD"
"2025-07-05","108028.6","108454.19","107783.1","108246.65","1513.15428554","","BTC-USD"
"2025-07-06","108246.66","109736.64","107837.7","109217.98","1651.18120197","","BTC-USD"
"2025-07-07","109217.98","109741.64","107507","108269.84","4455.08353019","","BTC-USD"
"2025-07-08","108271.49","109255.99","107438.33","108958.04","3785.3907416","","BTC-USD"
"2025-07-09","108953.58","112152.91","108329.87","111282.85","7683.83239574","","BTC-USD"
"2025-07-10","111282.84","116842","110541.87","116031.3","12920.20742934","","BTC-USD"
"2025-07-11","116031.29","118909.74","115211.74","117582.16","10116.886206","","BTC-USD"
"2025-07-12","117582.16","118244.51","116940.82","117472.65","2397.72381256","","BTC-USD"
"2025-07-13","117472.65","119500","117238.69","119130.81","3461.0430314","","BTC-USD"
"2025-07-14","119130.81","123231.07","118949.18","119863.71","13536.79954839","","BTC-USD"
"2025-07-15","119863.71","119973.3","115697.37","117781.64","23726.31356081","","BTC-USD"
"2025-07-16","117781.63","120134.8","117033.23","118681.68","9250.98642597","","BTC-USD"
"2025-07-17","118681.67","120998.76","117469","119273.69","8360.35130892","","BTC-USD"
"2025-07-18","119273.7","120918.68","116892.42","118023.05","8735.40386401","","BTC-USD"
"2025-07-19","118023.06","118564.59","117337.59","117914.17","1700.0997198","","BTC-USD"
"2025-07-20","117914.17","118921.76","116525","117312.7","2504.59032125","","BTC-USD"
"2025-07-21","117315.68","119745.93","116565.01","117428.79","5450.55450292","","BTC-USD"
"2025-07-22","117428.79","120300","116185","120026.42","7564.58852928","","BTC-USD"
"2025-07-23","120034.21","120180.93","117342.21","118810.44","5526.13819924","","BTC-USD"
"2025-07-24","118810.44","119557.7","117190","118397.04","7137.01277011","","BTC-USD"
"2025-07-25","118400","118518.2","114750","117633.27","24633.33644271","","BTC-USD"
"2025-07-26","117633.27","118371.35","117095.73","117969.63","6974.42930567","","BTC-USD"
"2025-07-27","117981.73","119800","117849.99","119465.52","4999.42180703","","BTC-USD"
"2025-07-28","119465.52","119839","117380.6","118070.59","7647.38438521","","BTC-USD"
"2025-07-29","118074.43","119284.78","116900","117933.39","6070.86335715","","BTC-USD"
"2025-07-30","117933.39","118809.43","115728.49","117830.15","4647.7410138","","BTC-USD"
"2025-07-31","117830.15","118920","115500","115761.13","4647.6521388","","BTC-USD"
"2025-08-01","115756.12","116065.12","112659","113248.73","9196.58441635","","BTC-USD"
"2025-08-02","113248.83","114023.58","112000","112542.74","2946.5811158","","BTC-USD"
"2025-08-03","112542.75","114794.99","111903.68","114215.73","2212.37278435","","BTC-USD"
"2025-08-04","114215.7","115756.06","114118.18","115051.85","4655.53866243","","BTC-USD"
"2025-08-05","115056.14","115112.75","112622.14","114112.95","4943.38930608","","BTC-USD"
"2025-08-06","114112.95","115749.99","113347.87","115028.83","4481.39474697","","BTC-USD"
"2025-08-07","115028.83","117687","114268.6","117515.49","5804.23960803","","BTC-USD"
"2025-08-08","117515.69","117687","115800","116683.79","4870.3042426","","BTC-USD"
"2025-08-09","116683.79","117937.89","116343.34","116492.51","2586.17129292","","BTC-USD"
"2025-08-10","116492.5","119324.08","116480","119309.37","2850.61404026","","BTC-USD"
"2025-08-11","119309.37","122319.14","118050","118701.84","7220.80819945","","BTC-USD"
"2025-08-12","118701.83","120327","118190.81","120113.18","4615.45835079","","BTC-USD"
"2025-08-13","120109.04","123740.24","118931.34","123365.63","8512.8860955","","BTC-USD"
"2025-08-14","123365.63","124533","117208.97","118389.79","10154.04939662","","BTC-USD"
"2025-08-15","118389.79","119339.57","116859.32","117436.96","4990.799358","","BTC-USD"
"2025-08-16","117436.95","118028.68","117222.01","117455.68","1781.69438526","","BTC-USD"
"2025-08-17","117455.69","118641.6","117249.49","117488.6","2021.61751952","","BTC-USD"
"2025-08-18","117488.59","117633.8","114703.26","116286.76","6762.85366719","","BTC-USD"
"2025-08-19","116286.75","116792.87","112696.56","112856.19","7918.58452813","","BTC-USD"
"2025-08-20","112853.66","114627.37","112344.11","114276","5764.27605073","","BTC-USD"
"2025-08-21","114276","114812","111964","112480.3","6033.74435365","","BTC-USD"
"2025-08-22","112480.29","117416.73","111649.75","116908.68","8547.72089091","","BTC-USD"
"2025-08-23","116911.9","116999.03","114505","115383.87","2245.41925268","","BTC-USD"
"2025-08-24","115383.87","115616.53","110635","113478","4602.76322486","","BTC-USD"
"2025-08-25","113478","113645.32","109275.74","110127.74","8509.20658676","","BTC-USD"
"2025-08-26","110127.74","112399.99","108670","111788.01","7735.56524843","","BTC-USD"
"2025-08-27","111788.04","112683.39","110351.11","111253.21","5151.42127925","","BTC-USD"
"2025-08-28","111253.22","113480","110858.78","112574.85","4637.29182209","","BTC-USD"
"2025-08-29","112574.84","112642.53","107469.13","108378.32","7806.0938333","","BTC-USD"
"2025-08-30","108378.32","108928.79","107369.69","108827.93","2828.67461609","","BTC-USD"
"2025-08-31","108827.92","109489.79","108060.79","108247.95","2702.50957636","","BTC-USD"
"2025-09-01","108247.95","109907.51","107250","109240.55","5396.96365977","","BTC-USD"
"2025-09-02","109240.55","111801.86","108400","111247.94","7398.40595759","","BTC-USD"
"2025-09-03","111247.94","112600","110533.77","111756.41","5205.45031255","","BTC-USD"
"2025-09-04","111756.4","112235.6","109321","110720.79","5253.71408228","","BTC-USD"
"2025-09-05","110714.48","113390","110202.36","110670.02","7218.59124481","","BTC-USD"
"2025-09-06","110670.02","111317.65","109993","110212.6","1621.65017738","","BTC-USD"
"2025-09-07","110214.21","111600","110200.01","111129.61","1646.11764246","","BTC-USD"
"2025-09-08","111120.38","112940.84","110600","112072.57","5158.43294831","","BTC-USD"
"2025-09-09","112072.57","113292.96","110765.72","111549.32","5158.45733241","","BTC-USD"
"2025-09-10","111546.61","114362.1","110919.55","113983.97","7249.99346721","","BTC-USD"
"2025-09-11","113983.98","115554.53","113433.92","115540","5575.3607407","","BTC-USD"
"2025-09-12","115540.01","116833.25","114774.19","116106.03","6493.57632751","","BTC-USD"
"2025-09-13","116106.03","116378.04","115177.53","115968.35","2173.49651785","","BTC-USD"
"2025-09-14","115968.33","116226.61","115166","115314.13","1967.88683794","","BTC-USD"
"2025-09-15","115314.12","116802","114395.84","115381.08","6142.67859527","","BTC-USD"
"2025-09-16","115381.07","117000","114750","116832.56","6012.58313417","","BTC-USD"
"2025-09-17","116832.56","117327.24","114724.57","116484.4","7151.30033814","","BTC-USD"
"2025-09-18","116484.4","117998.17","116125.08","117117.99","7140.41942024","","BTC-USD"
"2025-09-19","117117.99","117516.36","115132.71","115690.55","5874.11552075","","BTC-USD"
"2025-09-20","115690.55","116194.63","115463.22","115752.4","2830.8502542","","BTC-USD"
"2025-09-21","115752.9","115900.02","115237.16","115282.27","2071.01892785","","BTC-USD"
"2025-09-22","115282.26","115441.37","111761.22","112736.59","8494.39097785","","BTC-USD"
"2025-09-23","112736.59","113357","111502.08","112017.21","4512.04618772","","BTC-USD"
"2025-09-24","112017.21","113999.98","111066.07","113348.17","4932.88303511","","BTC-USD"
"2025-09-25","113348.16","113561.35","108623.7","109035.72","9197.26639402","","BTC-USD"
"2025-09-26","109036","110369.99","108645.02","109697.29","6826.16968974","","BTC-USD"
"2025-09-27","109697.29","109815.08","109116","109681.16","1950.48703402","","BTC-USD"
"2025-09-28","109681.15","112385.84","109230.98","112197.67","2397.09714427","","BTC-USD"
"2025-09-29","112197.66","114490","111582.65","114365.07","5553.41779958","","BTC-USD"
"2025-09-30","114361.66","114850","112695.85","114067.71","5044.09158186","","BTC-USD"
"2025-10-01","114067.71","118718.8","113975.5","118659.97","9687.1228881","","BTC-USD"
"2025-10-02","118662.72","121111","118336.01","120621.32","8816.90252269","","BTC-USD"
"2025-10-03","120621.33","123996.81","119327.83","122318.4","11835.08733617","","BTC-USD"
"2025-10-04","122318.39","122896","121572.64","122458.56","2705.28818527","","BTC-USD"
"2025-10-05","122458.55","125750","122195.28","123520.79","5820.77013157","","BTC-USD"
"2025-10-06","123520.8","126296","123115.77","124720.09","9135.3086452","","BTC-USD"
"2025-10-07","124723.57","125226.34","120636","121393.95","8699.84065383","","BTC-USD"
"2025-10-08","121393.96","124254.31","121090.06","123343.25","6727.94848453","","BTC-USD"
"2025-10-09","123343.24","123822.08","119713.65","121714.51","6980.15210285","","BTC-USD"
"2025-10-10","121714.51","122600","107000","112980.28","22432.34375511","","BTC-USD"
"2025-10-11","112976.01","113439.99","109683.96","110768.89","10041.88198008","","BTC-USD"
"2025-10-12","110768.9","115847","109687.46","115067.98","9699.03564495","","BTC-USD"
"2025-10-13","115067.96","116077.51","113700.27","115274.03","8147.76104518","","BTC-USD"
"2025-10-14","115274.03","115514.91","109945.86","113068","11955.35437582","","BTC-USD"
"2025-10-15","113072.18","113671.99","110185.87","110804.12","7440.03782479","","BTC-USD"
"2025-10-16","110804.11","112021.07","107464.53","108198","14792.78754529","","BTC-USD"
"2025-10-17","108197.99","109269.97","103516.75","106463.3","13824.34463474","","BTC-USD"
"2025-10-18","106462.09","107535.68","106357.69","107208.91","3552.60959467","","BTC-USD"
"2025-10-19","107208.91","109499","106091.25","108676.78","4841.63812975","","BTC-USD"
"2025-10-20","108676.77","111748.6","107449.91","110568.06","6286.43529012","","BTC-USD"
"2025-10-21","110568.05","114082.29","107444.6","108362.27","12890.45189253","","BTC-USD"
"2025-10-22","108357.99","109188.27","106639","107585.98","9311.33986567","","BTC-USD"
"2025-10-23","107588.02","111342.6","107511.46","110116.03","6881.35851313","","BTC-USD"
"2025-10-24","110116.02","112158.39","109725.51","111042.13","5915.09477083","","BTC-USD"
"2025-10-25","111042.13","111968.52","110693.01","111666.21","1478.94798996","","BTC-USD"
"2025-10-26","111666.22","115542","111260.33","114548.09","3808.17193597","","BTC-USD"
"2025-10-27","114561.69","116410.06","113833.12","114087.06","5491.52581938","","BTC-USD"
"2025-10-28","114087.06","116114.13","112203","112906.75","5342.86134585","","BTC-USD"
"2025-10-29","112906.75","113690.17","109000","110032.13","6110.48087693","","BTC-USD"
"2025-10-30","110031.65","111629.2","106279.33","108308.18","8481.34743643","","BTC-USD"
"2025-10-31","108308.02","111066.1","108266.11","109555.27","6858.47522213","","BTC-USD"
"2025-11-01","109555.63","110500","109342.47","110052.25","1707.44713625","","BTC-USD"
"2025-11-02","110052.25","111221.99","108800","110536.01","3777.57822519","","BTC-USD"
"2025-11-03","110533.83","110749","105271.67","106557.98","8657.30683772","","BTC-USD"
"2025-11-04","106557.98","107269.85","98892.97","101468.15","17052.82209797","","BTC-USD"
"2025-11-05","101468.16","104550","98950","103869","10844.84576039","","BTC-USD"
"2025-11-06","103866.67","104191.19","100235.02","101290.5","9488.56911128","","BTC-USD"
"2025-11-07","101290.5","104041.99","99170","103284.27","9981.70774039","","BTC-USD"
"2025-11-08","103281.79","103350","101422.74","102285.57","4365.22006206","","BTC-USD"
"2025-11-09","102285.58","105471.04","101372.58","104694.95","5545.42134633","","BTC-USD"
"2025-11-10","104694.23","106653","104240.76","105979.38","7737.06153627","","BTC-USD"
"2025-11-11","105979.38","107482","102422.43","103009.35","6574.79380402","","BTC-USD"
"2025-11-12","103017.21","105316.64","100803.2","101639.01","6053.08600012","","BTC-USD"
"2025-11-13","101636.03","104050","97870","99614.54","12710.66743459","","BTC-USD"
"2025-11-14","99610.49","99836.1","93951.32","94503.96","19645.40043753","","BTC-USD"
"2025-11-15","94501.08","96747.02","94222.2","95544.94","5157.02031554","","BTC-USD"
"2025-11-16","95544.94","96559.61","92943.83","94183.97","7161.13750207","","BTC-USD"
"2025-11-17","94182.03","95950","91158.35","92100.6","13319.956338","","BTC-USD"
"2025-11-18","92100.6","93775","89183.48","92914.46","16182.4672286","","BTC-USD"
"2025-11-19","92914.45","92948","88483.12","91461.6","15642.23320328","","BTC-USD"
"2025-11-20","91465.04","93080.91","85980.7","86536.88","18857.80134874","","BTC-USD"
"2025-11-21","86531.87","87395.93","80524.65","85068.88","31211.5604643","","BTC-USD"
"2025-11-22","85068.85","85547.11","83441.91","84684","7330.52185107","","BTC-USD"
"2025-11-23","84683.99","88100","84614.11","86808.28","9786.06365257","","BTC-USD"
"2025-11-24","86808.28","89225.6","85213.17","88266.2","14868.61469913","","BTC-USD"
"2025-11-25","88264","88486.82","86067.02","87325.01","10484.73675809","","BTC-USD"
"2025-11-26","87325","90628.53","86266.95","90468.84","11351.8707199","","BTC-USD"
"2025-11-27","90468.83","91925.4","90067.81","91316.7","8201.73046924","","BTC-USD"
"2025-11-28","91316.7","93161.86","90220.5","90902.7","9580.37061817","","BTC-USD"
"2025-11-29","90902.69","91199.99","90200","90828.06","3143.58444031","","BTC-USD"
"2025-11-30","90829.68","91980.8","90353.96","90369.51","3513.48557284","","BTC-USD"
"2025-12-01","90364","90433.7","83800","86282.36","16664.36191777","","BTC-USD"
"2025-12-02","86282.35","92342","86181.38","91308.05","13162.85699748","","BTC-USD"
"2025-12-03","91308.05","94181.41","91024.47","93453.84","9741.98216681","","BTC-USD"
"2025-12-04","93452.02","94087.05","90904.73","92093.54","6198.20707297","","BTC-USD"
"2025-12-05","92093.7","92716.42","88099.05","89345.29","8310.94183595","","BTC-USD"
"2025-12-06","89345.29","90296.32","88932","89267.97","3017.16860213","","BTC-USD"
"2025-12-07","89262.8","91779.99","87733.18","90402.29","4070.57697141","","BTC-USD"
"2025-12-08","90402.3","92291.96","89599","90653.86","6661.98775031","","BTC-USD"
"2025-12-09","90653.86","94640.66","89537.55","92690","9862.67083813","","BTC-USD"
"2025-12-10","92690","94500","91556.64","92035.99","8904.69319331","","BTC-USD"
"2025-12-11","92035.85","93594.76","89257.98","92542","9119.99377433","","BTC-USD"
"2025-12-12","92539.63","92791.26","89500","90278","6137.8902612","","BTC-USD"
"2025-12-13","90278","90657","89777.79","90255.32","1542.14542217","","BTC-USD"
"2025-12-14","90255.32","90496.16","87565.38","88171.61","3643.36533229","","BTC-USD"
"2025-12-15","88174.37","90064.74","85129.63","86417.5","9868.30482589","","BTC-USD"
"2025-12-16","86417.5","88148","85250","87854.01","7734.132664","","BTC-USD"
"2025-12-17","87854","90336.36","85267.69","86209.77","10021.43107061","","BTC-USD"
"2025-12-18","86209.79","89447.75","84400","85460.02","9840.74407994","","BTC-USD"
"2025-12-19","85460.85","89365.85","85052.78","88092.65","8046.9179144","","BTC-USD"
"2025-12-20","88092.65","88530.6","87780","88324","1807.74517583","","BTC-USD"
"2025-12-21","88322.01","89046.44","87501.01","88639.95","2361.91088803","","BTC-USD"
"2025-12-22","88639.87","90541.8","87846.17","88556.77","8901.70507789","","BTC-USD"
"2025-12-23","88555.03","88896.63","86533.86","87429.32","7050.61151888","","BTC-USD"
"2025-12-24","87429.32","88001.2","86350","87609.03","5007.9834145","","BTC-USD"
"2025-12-25","87609.02","88534.4","86899","87171.68","2819.32696132","","BTC-USD"
"2025-12-26","87171.46","89496.07","86569.53","87296.01","8673.64195064","","BTC-USD"
"2025-12-27","87296.17","87914.62","86944.24","87808","1955.01185796","","BTC-USD"
"2025-12-28","87806.75","88000","87349.52","87877.29","1859.62245916","","BTC-USD"
"2025-12-29","87877.28","90325","86675","87110.78","10415.66618294","","BTC-USD"
"2025-12-30","87110.77","89343.52","86704.98","88397.5","8725.01685173","","BTC-USD"
"2025-12-31","88397.24","89100","87082.64","87497.94","7261.18123917","","BTC-USD"
"2026-01-01","87497.95","88798.99","87361.74","88738.34","4001.39765552","","BTC-USD"
"2026-01-02","88742","90935.22","88272.08","89957.99","11442.48043957","","BTC-USD"
"2026-01-03","89958","90697","89284.13","90598.02","2951.65444679","","BTC-USD"
"2026-01-04","90598.01","91764.64","90598.01","91494","3198.89444605","","BTC-USD"
"2026-01-05","91489.03","94825.27","91479.28","93870.06","12349.57555407","","BTC-USD"
"2026-01-06","93870.06","94439.63","91203.13","93722.01","9651.48547871","","BTC-USD"
"2026-01-07","93722.01","93722.01","90576.24","91279.73","9317.16996001","","BTC-USD"
"2026-01-08","91279.73","91580.01","89200","91026","10333.23549339","","BTC-USD"
"2026-01-09","91024.01","91944.52","89583.58","90515.45","9272.64438525","","BTC-USD"
"2026-01-10","90515.12","90698","90251.43","90385.54","1733.85727298","","BTC-USD"
"2026-01-11","90387.36","91173.12","90109","90872.01","2262.85242889","","BTC-USD"
"2026-01-12","90878.51","92406.3","90003.46","91188.09","9683.74429824","","BTC-USD"
"2026-01-13","91188.08","96250","90925.17","95384.23","17153.5601987","","BTC-USD"
"2026-01-14","95385.59","97963.62","94518.63","96955.16","20696.88952587","","BTC-USD"
"2026-01-15","96954.02","97176.42","95066.19","95587.65","10619.32790923","","BTC-USD"
"2026-01-16","95578.2","95830.49","94229.04","95504","6286.36029783","","BTC-USD"
"2026-01-17","95503.99","95600","94980.12","95109.99","1754.07093263","","BTC-USD"
"2026-01-18","95109.99","95485","93559.78","93633.53","2607.76939988","","BTC-USD"
"2026-01-19","93630","93630","91935.3","92559.66","4993.56556058","","BTC-USD"
"2026-01-20","92559.65","92807.99","87767.53","88310.6","11134.88996796","","BTC-USD"
"2026-01-21","88310.6","90500","87156","89363.71","12539.4399225","","BTC-USD"
"2026-01-22","89363.71","90273.35","88408.65","89463.5","7075.16869109","","BTC-USD"
"2026-01-23","89463.51","91147.01","88440.65","89474.93","7381.22299218","","BTC-USD"
"2026-01-24","89474.94","89832.72","89007.01","89082.17","1801.82109589","","BTC-USD"
"2026-01-25","89082.16","89177.95","86000.13","86561.94","5428.58128865","","BTC-USD"
"2026-01-26","86561.94","88787.97","86411.7","88250.01","8219.90069049","","BTC-USD"
"2026-01-27","88250","89447.21","87180.01","89116.96","6475.09716863","","BTC-USD"
"2026-01-28","89116.96","90476.81","88706.32","89162.4","6636.13609913","","BTC-USD"
"2026-01-29","89162.4","89210.16","83216.21","84513.2","14860.94029344","","BTC-USD"
"2026-01-30","84513.19","84599","81000.12","84110.99","15232.81199203","","BTC-USD"
"2026-01-31","84110.99","84138","75644.15","78648","14855.0734429","","BTC-USD"
"2026-02-01","78648","79337.99","75612.75","76895.53","11545.9871474","","BTC-USD"
"2026-02-02","76895.99","79339","74502.21","78666.85","21193.37373311","","BTC-USD"
"2026-02-03","78666.84","79123.75","72859","75661.49","16467.12531015","","BTC-USD"
"2026-02-04","75661.49","76876.54","71703.72","72998","19764.62442772","","BTC-USD"
"2026-02-05","72999","73173.96","62181.65","62791","49371.20579141","","BTC-USD"
"2026-02-06","62788.28","71707.18","60001","70527.7","43810.88328386","","BTC-USD"
"2026-02-07","70521.08","71648.05","67293.26","69244.74","11251.84383408","","BTC-USD"
"2026-02-08","69250","72232.17","68840.83","70279.33","8090.44858999","","BTC-USD"
"2026-02-09","70279.32","71380.13","68233.01","70101.99","15546.49393947","","BTC-USD"
"2026-02-10","70101.98","70489.99","67857","68803.65","11566.41314985","","BTC-USD"
"2026-02-11","68803.65","69248","65702.95","67024.93","15121.43118138","","BTC-USD"
"2026-02-12","67032.71","68382.9","65065.47","66208","13823.46090185","","BTC-USD"
"2026-02-13","66207.99","69434.2","65799.71","68812","12104.28673482","","BTC-USD"
"2026-02-14","68812","70531.53","68697.63","69786.96","5586.9814678","","BTC-USD"
"2026-02-15","69786.96","70941.65","68020","68792","5965.51322769","","BTC-USD"
"2026-02-16","68792","70089.99","67251.81","68858.13","6626.85996745","","BTC-USD"
"2026-02-17","68859.55","69199.51","66569.58","67466.7","9122.62622708","","BTC-USD"
"2026-02-18","67466.7","68438.84","65812.57","66419.79","9687.16921753","","BTC-USD"
"2026-02-19","66419.78","67288.22","65604.63","66972.5","8505.29632895","","BTC-USD"
"2026-02-20","66972.49","68294.86","66427.23","67984.42","11349.70677085","","BTC-USD"
"2026-02-21","67984.42","68683.27","67516.93","67955.78","3287.0646747","","BTC-USD"
"2026-02-22","67955.78","68241.4","67132.81","67617.98","3263.5334723","","BTC-USD"
"2026-02-23","67616.01","67656.42","63855","64625.78","15198.01176266","","BTC-USD"
"2026-02-24","64625.78","64988.32","62534.61","64068.33","12517.40763597","","BTC-USD"
"2026-02-25","64068.33","70020","63912.25","67992.68","17322.54859823","","BTC-USD"
"2026-02-26","67992.68","68866.86","66500.92","67490.51","10678.27331982","","BTC-USD"
"2026-02-27","67490.5","68223.07","64942.87","65859.94","10276.79604611","","BTC-USD"
"2026-02-28","65859.93","67761.55","63019.6","66967.85","9093.24916408","","BTC-USD"
"2026-03-01","66971.54","68200","65008.38","65769","8511.88788603","","BTC-USD"
"2026-03-02","65771.56","70128.74","65250.12","68832.01","17772.46881037","","BTC-USD"
"2026-03-03","68832","69255.36","66138.2","68335.99","12823.7275946","","BTC-USD"
"2026-03-04","68335.99","74100","67391.17","72683.26","21142.77079177","","BTC-USD"
"2026-03-05","72683.26","73588.24","70639.01","70887.6","10891.71826063","","BTC-USD"
"2026-03-06","70887.61","71428.4","67725.14","68108.24","11045.21439575","","BTC-USD"
"2026-03-07","68108.23","68544.79","66921.33","67259.62","3245.05107908","","BTC-USD"
"2026-03-08","67259.62","68201.16","65618.51","65970.56","5505.17926548","","BTC-USD"
"2026-03-09","65970.56","69543","65820.93","68432.17","13303.95615379","","BTC-USD"
"2026-03-10","68432.16","71800","68383.5","69960.83","13322.43399947","","BTC-USD"
"2026-03-11","69960.83","71358.48","68980.74","70208","9851.72870494","","BTC-USD"
"2026-03-12","70208.03","70819.84","69180.01","70531.56","9708.42046678","","BTC-USD"
"2026-03-13","70530.02","73968","70398.01","70944.33","12304.21633821","","BTC-USD"
"2026-03-14","70944.32","71316","70236.02","71232.02","3174.08339322","","BTC-USD"
"2026-03-15","71232.01","73220.8","70868.41","72830.01","5785.61944649","","BTC-USD"
"2026-03-16","72830.01","74913.69","72276.24","74886.47","12657.43153702","","BTC-USD"
"2026-03-17","74886.46","76022.6","73400.01","73934.11","11357.85437394","","BTC-USD"
"2026-03-18","73934.11","74700","70474.83","71245.02","9248.1145105","","BTC-USD"
"2026-03-19","71245.01","71628","68772.78","69918.3","7794.02546506","","BTC-USD"
"2026-03-20","69917.19","71384.62","69360","70497.01","7315.89355875","","BTC-USD"
"2026-03-21","70497.01","71075.92","68562.13","68912.02","2856.70812643","","BTC-USD"
"2026-03-22","68912.02","69577","67332.05","67844.94","4889.89870785","","BTC-USD"
"2026-03-23","67844.94","71811","67425","70874.23","10354.71705596","","BTC-USD"
"2026-03-24","70874.22","71389","68889","70533.49","7238.74499869","","BTC-USD"
"2026-03-25","70533.48","72030.29","70357.1","71301.53","7665.36824144","","BTC-USD"
"2026-03-26","71301.52","71414.33","68102.36","68769.02","8225.19395173","","BTC-USD"
"2026-03-27","68769.02","69128.75","65498.75","66353.34","13681.42559929","","BTC-USD"
"2026-03-28","66353.33","67249.65","65876.61","66320.15","4011.39625322","","BTC-USD"
"2026-03-29","66320.16","67076.07","64938.66","65956.94","4588.31530898","","BTC-USD"
"2026-03-30","65957.95","68129.33","65736.63","66737.18","10707.53083699","","BTC-USD"
"2026-03-31","66737.08","68518.1","65924.82","68221.85","11831.5835043","","BTC-USD"
"2026-04-01","68221.84","69285.99","67525.59","68112.35","9804.6544448","","BTC-USD"
"2026-04-02","68112.34","68652","65696.96","66894.48","8813.97029196","","BTC-USD"
"2026-04-03","66899.11","67375.7","66275.01","66959.99","4181.03967015","","BTC-USD"
"2026-04-04","66959.98","67535.2","66770.64","67291.73","2412.86305009","","BTC-USD"
"2026-04-05","67291.72","69117.6","66600","69005","3810.37749315","","BTC-USD"
"2026-04-06","69005","70378.48","68332","68853.61","11182.35365631","","BTC-USD"
"2026-04-07","68853.6","72753.97","67710.01","71910.2","11156.72732306","","BTC-USD"
"2026-04-08","71910.21","72861.38","70684.65","71085.99","11083.24086941","","BTC-USD"
"2026-04-09","71083.99","73147.81","70468.74","71798.01","10707.78813462","","BTC-USD"
"2026-04-10","71798.01","73477.87","71431.55","72997.88","10066.64303661","","BTC-USD"
"2026-04-11","72997.88","73822.95","72564.35","73086","2795.93594516","","BTC-USD"
"2026-04-12","73085.99","73172.14","70512.7","70755.35","4443.04188961","","BTC-USD"
"2026-04-13","70755.35","74936.9","70576.27","74446","17452.66428951","","BTC-USD"
"2026-04-14","74448","76127.18","73854.5","74179.04","21086.20700901","","BTC-USD"
"2026-04-15","74176.09","75458.81","73545","74836.31","7732.11670824","","BTC-USD"
"2026-04-16","74839.97","75539.91","73298.01","75163.09","8138.95301491","","BTC-USD"
"2026-04-17","75163.09","78390","74558.21","77098.01","15414.90050977","","BTC-USD"
"2026-04-18","77098.01","77450.15","75473.81","75736.82","4245.3427458","","BTC-USD"
"2026-04-19","75736","76278.36","73777.86","73823.14","5477.34091341","","BTC-USD"
"2026-04-20","73823.27","76600","73741.53","75864.86","8979.33512634","","BTC-USD"
"2026-04-21","75864.86","76926.37","74817.27","76348.58","7556.91793671","","BTC-USD"
"2026-04-22","76355.73","79523","76145","78208.52","11757.91950096","","BTC-USD"
"2026-04-23","78208.52","78722.96","76979.99","78281.32","9366.75503457","","BTC-USD"
"2026-04-24","78281.32","78607.38","77289","77461.8","7766.77212029","","BTC-USD"
"2026-04-25","77461.79","77911.09","77179.2","77650.72","2871.67459101","","BTC-USD"
"2026-04-26","77650.72","78943","77346.44","78673.83","3942.05709744","","BTC-USD"
"2026-04-27","78673.84","79496","76447.51","77364.42","9288.76247228","","BTC-USD"
"2026-04-28","77364.48","77478.99","75646.84","76317.99","6625.83124653","","BTC-USD"
"2026-04-29","76317.99","77906.84","74914","75752.88","9665.58304734","","BTC-USD"
"2026-04-30","75752.87","76655.95","75290.1","76305.78","6282.45727649","","BTC-USD"
"2026-05-01","76305.78","78961.14","76275.01","78234.05","8786.48048854","","BTC-USD"
"2026-05-02","78234.05","79155","78034.28","78682.31","2444.21427844","","BTC-USD"
"2026-05-03","78682.31","79428.6","78073.01","78558.89","2766.87588315","","BTC-USD"
"2026-05-04","78558.88","80750","78205","79852.37","11539.41548269","","BTC-USD"
"2026-05-05","79852.37","81799.6","79789.5","80907.72","9129.50056534","","BTC-USD"
"2026-05-06","80907.72","82814.23","80699.66","81438.1","8276.53099017","","BTC-USD"
"2026-05-07","81438.11","81709.17","79456","80005.38","7038.15097074","","BTC-USD"
"2026-05-08","80005.38","80487.39","79520.44","80188.82","3086.74170459","","BTC-USD"
"2026-05-09","80188.82","81065.32","80115.33","80655.96","2056.58900174","","BTC-USD"
"2026-05-10","80655.97","82450","80273.86","82199.99","3971.08807704","","BTC-USD"
"2026-05-11","82199.99","82379","80417.72","81727.06","7031.61760564","","BTC-USD"
"2026-05-12","81727.09","81778","79802.51","80484.72","5247.36830885","","BTC-USD"
"2026-05-13","80484.72","81293.93","78699.83","79288.26","7960.11188101","","BTC-USD"
"2026-05-14","79288.26","82066.22","78885.42","81079.39","13222.23476392","","BTC-USD"
"2026-05-15","81078.04","81650","78591.99","79058.51","6789.73368724","","BTC-USD"
"2026-05-16","79058.5","79182.02","77608.95","78105.45","3053.43839711","","BTC-USD"
"2026-05-17","78105.46","78570","76673.54","77407.59","2500.63873433","","BTC-USD"
"2026-05-18","77406.57","77764.28","75992","76943.98","8825.37701993","","BTC-USD"
"2026-05-19","76943.96","77350.08","76061.12","76767.48","4874.41365584","","BTC-USD"
"2026-05-20","76767.48","77782.61","76433.52","77475.99","6016.20525065","","BTC-USD"
"2026-05-21","77475.98","78123.68","76619.02","77547.62","6038.75037562","","BTC-USD"
"2026-05-22","77547.25","77833.02","75266.73","75443.91","5132.27865239","","BTC-USD"
"2026-05-23","75446.99","77305","74197.11","76650","5619.0521439","","BTC-USD"
"2026-05-24","76648.65","77412.32","76000","76975.99","3695.06880542","","BTC-USD"
"2026-05-25","76975.99","77834.55","76807.04","77249.07","3335.38172719","","BTC-USD"
"2026-05-26","77249.07","78015.46","75555","75826.1","8614.2448817","","BTC-USD"
"2026-05-27","75826.1","76033.66","74113.95","74315.98","6385.20290985","","BTC-USD"
"2026-05-28","74316.71","74462.4","72445.11","73512.56","8579.08613888","","BTC-USD"
"2026-05-29","73512.55","74224.84","72364.13","73366.77","9057.16460696","","BTC-USD"
"2026-05-30","73366.77","74029.01","73107.24","73770.69","4015.02525805","","BTC-USD"
"2026-05-31","73770.69","74156.59","73288","73575.17","3318.87878933","","BTC-USD"
"2026-06-01","73575.18","73978.52","70555","71314.42","10835.86426218","","BTC-USD"
"2026-06-02","71314.43","71315.67","66100.01","66658.35","15741.32305621","","BTC-USD"
"2026-06-03","66658.45","67416.5","63985.01","64040","15790.02945596","","BTC-USD"
"2026-06-04","64039.99","64695","61309.25","63806.02","25533.586511","","BTC-USD"
"2026-06-05","63806.02","63906.02","59073.01","61032","28732.71500543","","BTC-USD"
"2026-06-06","61031.98","61499.41","59448.45","60850.48","9073.41539934","","BTC-USD"
"2026-06-07","60850.48","64234.45","60706.4","63302.73","9793.1727327","","BTC-USD"
"2026-06-08","63302.03","64200.02","62365.43","63062.98","11755.65646469","","BTC-USD"
"2026-06-09","63062.97","63490.49","60713.5","61685.8","11218.32861079","","BTC-USD"
"2026-06-10","61685.81","62809.04","60708.92","61449.46","9040.95804487","","BTC-USD"
"2026-06-11","61449.47","63866.82","61449.47","63563.42","9449.25103044","","BTC-USD"
"2026-06-12","63563.44","64347.32","62739.81","63538.43","8179.86676422","","BTC-USD"
"2026-06-13","63538.44","64727.27","63400.92","64429.99","4146.44545759","","BTC-USD"
"2026-06-14","64424.98","65764.16","63640","65706.62","4719.21113394","","BTC-USD"
"2026-06-15","65704.23","67264","65302.08","66276.8","8071.56079236","","BTC-USD"
"2026-06-16","66276.79","66944","65300.03","65616.64","6347.81359553","","BTC-USD"
"2026-06-17","65616.64","66384.01","63851.02","64446.04","7644.1962471","","BTC-USD"
"2026-06-18","64446.05","64752.51","62159.76","62879.01","7475.48695466","","BTC-USD"
"2026-06-19","62879.01","63595.93","62246.24","63475.2","3592.2486366","","BTC-USD"
"2026-06-20","63475.08","64312.73","63131.38","64222.99","3866.36413615","","BTC-USD"
"2026-06-21","64223","64508.4","63171.19","63235.63","3741.2101443","","BTC-USD"
"2026-06-22","63235.63","65553.39","63235.61","63950.61","7944.1273781","","BTC-USD"
"2026-06-23","63950.61","64211.95","61862.27","62644.86","6931.61213742","","BTC-USD"
"2026-06-24","62644.86","63156.34","59010.74","60983.13","15635.11089006","","BTC-USD"
"2026-06-25","60983.14","61868.39","58000","59703.65","15027.87126075","","BTC-USD"
"2026-06-26","59703.66","60660","58243.36","60002.53","14344.89687871","","BTC-USD"
"2026-06-27","60002.97","60838.92","59765.1","59934.84","4263.41546366","","BTC-USD"
"2026-06-28","59934.84","60455","58810.11","59474.01","4245.96241874","","BTC-USD"
"2026-06-29","59473.99","60702.63","58800","60162.73","10607.13260857","","BTC-USD"
"2026-06-30","60162.73","60191.99","58056","58523.93","9465.93232684","","BTC-USD"
"2026-07-01","58523.93","61287.33","57717.55","59961.45","10684.76298705","","BTC-USD"
"2026-07-02","59961.46","62147.89","59520.02","61484.02","9926.92193918","","BTC-USD"
"2026-07-03","61484.02","61970.59","61162.79","61938.81","1579.16476339","","BTC-USD"
